Performance by Weather,Traffic,and Risk Level
weather,traffic,risk,on_time,fuel,cargo,composite
1,1,1,0.125,0.6666666666666666,0.041666666666666664,0.003472222222222222
3,3,3,0.16666666666666666,0.6666666666666666,0.4166666666666667,0.046296296296296294
