country,composite_basic,composite_advanced,composite_excellence
1,0.272,0.18496000000000004,0.03264
2,0.1872,0.104832,0.044927999999999996
3,0.256,0.13312000000000002,0.030719999999999997
4,0.256,0.14336000000000002,0.04096
5,0.272,0.09792000000000001,0.054400000000000004
