country,efficiency_basic,efficiency_advanced,efficiency_excellence,service,sustainability,composite_basic,composite_advanced,composite_excellence
1,1.0,0.68,0.12,0.68,0.4,0.272,0.18496000000000004,0.03264
2,1.0,0.56,0.24,0.52,0.36,0.1872,0.104832,0.044927999999999996
3,1.0,0.52,0.12,0.64,0.4,0.256,0.13312000000000002,0.030719999999999997
4,1.0,0.56,0.16,0.64,0.4,0.256,0.14336000000000002,0.04096
5,1.0,0.36,0.2,0.68,0.4,0.272,0.09792000000000001,0.054400000000000004
