country,efficiency_advanced,service,sustainability,composite_advanced
1,0.68,0.68,0.4,0.18496000000000004
2,0.56,0.52,0.36,0.104832
3,0.52,0.64,0.4,0.13312000000000002
4,0.56,0.64,0.4,0.14336000000000002
5,0.36,0.68,0.4,0.09792000000000001
