country,efficiency_excellence,service,sustainability,composite_excellence
1,0.12,0.68,0.4,0.03264
2,0.24,0.52,0.36,0.044927999999999996
3,0.12,0.64,0.4,0.030719999999999997
4,0.16,0.64,0.4,0.04096
5,0.2,0.68,0.4,0.054400000000000004
