country,efficiency,service,sustainability,composite
1,1.0,1.0,0.3333333333333333,0.3333333333333333
2,1.0,1.0,0.2,0.2
3,1.0,1.0,0.5333333333333333,0.5333333333333333
4,1.0,1.0,0.4,0.4
5,1.0,1.0,0.4,0.4
