route,scenario,success_rate,std_dev,n_samples,efficiency_rate,service_rate,carbon_rate,ci_lower,ci_upper
Hybrid,1,0.3333333333333333,0.4716010621882685,1200,0.5833333333333334,0.5833333333333334,0.5,0.3066499913132913,0.36001667535337534
Kazakhstan,1,0.5,0.5002084636321551,1200,0.6666666666666666,0.6666666666666666,0.5833333333333334,0.47169804186936254,0.5283019581306375
Kyrgyzstan,1,0.25,0.4331932366934311,1200,0.4166666666666667,0.5,0.5,0.22548978528202437,0.2745102147179756
